<?xml version="1.0" encoding="UTF-8"?>
<project-private xmlns="http://www.netbeans.org/ns/project-private/1">
    <editor-bookmarks xmlns="http://www.netbeans.org/ns/editor-bookmarks/2" lastBookmarkId="0"/>
    <open-files xmlns="http://www.netbeans.org/ns/projectui-open-files/2">
        <group>
            <file>file:/C:/Users/Krithika%20Swaminathan/Documents/NetBeansProjects/pms/web/home.html</file>
            <file>file:/C:/Users/Krithika%20Swaminathan/Documents/NetBeansProjects/pms/web/add.html</file>
            <file>file:/C:/Users/Krithika%20Swaminathan/Documents/NetBeansProjects/pms/web/login.html</file>
            <file>file:/C:/Users/Krithika%20Swaminathan/Documents/NetBeansProjects/pms/src/java/AddServlet.java</file>
            <file>file:/C:/Users/Krithika%20Swaminathan/Documents/NetBeansProjects/pms/web/search.html</file>
            <file>file:/C:/Users/Krithika%20Swaminathan/Documents/NetBeansProjects/pms/web/index.html</file>
            <file>file:/C:/Users/Krithika%20Swaminathan/Documents/NetBeansProjects/pms/web/update.html</file>
            <file>file:/C:/Users/Krithika%20Swaminathan/Documents/NetBeansProjects/pms/web/delete.html</file>
            <file>file:/C:/Users/Krithika%20Swaminathan/Documents/NetBeansProjects/pms/web/view.html</file>
            <file>file:/C:/Users/Krithika%20Swaminathan/Documents/NetBeansProjects/pms/src/java/ViewServlet.java</file>
        </group>
    </open-files>
</project-private>
